name,version,publisher,install_date,install_location,uninstall_string,registry_root,registry_view,registry_path
Mozilla Firefox (x64 en-US),153.0,Mozilla,,C:\Program Files\Mozilla Firefox,"""C:\Program Files\Mozilla Firefox\uninstall\helper.exe""",HKLM,64-bit,SOFTWARE\Microsoft\Windows\CurrentVersion\Uninstall\Mozilla Firefox
Mozilla Maintenance Service,142.0.1,Mozilla,,,"""C:\Program Files (x86)\Mozilla Maintenance Service\uninstall.exe""",HKLM,64-bit,SOFTWARE\Microsoft\Windows\CurrentVersion\Uninstall\MozillaMaintenanceService
WinRAR 7.13 (64-bit),7.13.0,win.rar GmbH,,C:\Program Files\WinRAR,C:\Program Files\WinRAR\uninstall.exe,HKLM,64-bit,SOFTWARE\Microsoft\Windows\CurrentVersion\Uninstall\WinRAR archiver
Microsoft .NET Host FX Resolver - 9.0.18 (x64),72.72.55158,Microsoft Corporation,2026-07-28,,MsiExec.exe /X{0CADB010-02E6-4833-B505-BD81F85D0915},HKLM,64-bit,SOFTWARE\Microsoft\Windows\CurrentVersion\Uninstall\{0CADB010-02E6-4833-B505-BD81F85D0915}
Microsoft .NET Host - 9.0.18 (x64),72.72.55158,Microsoft Corporation,2026-07-28,,MsiExec.exe /X{35EC5E45-F900-4AE8-B6FC-E96FB9249F74},HKLM,64-bit,SOFTWARE\Microsoft\Windows\CurrentVersion\Uninstall\{35EC5E45-F900-4AE8-B6FC-E96FB9249F74}
Microsoft Visual C++ 2022 X64 Minimum Runtime - 14.51.36231,14.51.36231,Microsoft Corporation,2026-07-27,,MsiExec.exe /I{5937353B-6E8B-4A29-806F-366A8748E276},HKLM,64-bit,SOFTWARE\Microsoft\Windows\CurrentVersion\Uninstall\{5937353B-6E8B-4A29-806F-366A8748E276}
VMware Workstation,17.6.4,"VMware, Inc.",2026-07-09,,,HKLM,64-bit,SOFTWARE\Microsoft\Windows\CurrentVersion\Uninstall\{6EC7759F-B700-4743-BB65-BD3ED905D545}
Microsoft Visual C++ 2022 X64 Additional Runtime - 14.51.36231,14.51.36231,Microsoft Corporation,2026-07-27,,MsiExec.exe /I{7AB1994C-7537-46A5-84BE-A3E090AE982C},HKLM,64-bit,SOFTWARE\Microsoft\Windows\CurrentVersion\Uninstall\{7AB1994C-7537-46A5-84BE-A3E090AE982C}
Microsoft Teams Meeting Add-in for Microsoft Office,1.26.16801,Microsoft,2026-07-16,,MsiExec.exe /I{A7AB73A3-CB10-4AA5-9D38-6AEFFBDE4C91},HKLM,64-bit,SOFTWARE\Microsoft\Windows\CurrentVersion\Uninstall\{A7AB73A3-CB10-4AA5-9D38-6AEFFBDE4C91}
PowerToys (Preview),0.93.0,Microsoft Corporation,2025-08-25,C:\Users\il.farhan\AppData\Local\PowerToys\,MsiExec.exe /X{B77B4827-92E1-4BCA-9FE6-E707BAE1F4AC},HKLM,64-bit,SOFTWARE\Microsoft\Windows\CurrentVersion\Uninstall\{B77B4827-92E1-4BCA-9FE6-E707BAE1F4AC}
Microsoft Windows Desktop Runtime - 9.0.18 (x64),72.72.55185,Microsoft Corporation,2026-07-28,,MsiExec.exe /X{B9CB3C69-65ED-445D-A35F-38FCC2058C35},HKLM,64-bit,SOFTWARE\Microsoft\Windows\CurrentVersion\Uninstall\{B9CB3C69-65ED-445D-A35F-38FCC2058C35}
Microsoft .NET Runtime - 9.0.18 (x64),72.72.55158,Microsoft Corporation,2026-07-28,,MsiExec.exe /X{EDFAA9B4-1B98-43B0-95C5-6010790950B5},HKLM,64-bit,SOFTWARE\Microsoft\Windows\CurrentVersion\Uninstall\{EDFAA9B4-1B98-43B0-95C5-6010790950B5}
Autopsy,4.23.1,Sleuth Kit Labs,2026-07-08,C:\Program Files\Autopsy-4.23.1\,MsiExec.exe /I{FA56FDAD-66A0-40DB-A0E9-3F8FCBFF40B6},HKLM,64-bit,SOFTWARE\Microsoft\Windows\CurrentVersion\Uninstall\{FA56FDAD-66A0-40DB-A0E9-3F8FCBFF40B6}
Copilot,150.0.4078.96,Microsoft Corporation,2026-07-28,C:\Program Files (x86)\Microsoft\Copilot\Application,"""C:\Program Files (x86)\Microsoft\Copilot\Application\150.0.4078.96\Installer\copilot_setup.exe"" --uninstall --mscopilot --channel=stable --system-level --verbose-logging",HKLM,32-bit,SOFTWARE\WOW6432Node\Microsoft\Windows\CurrentVersion\Uninstall\Microsoft Copilot
Microsoft Edge,150.0.4078.105,Microsoft Corporation,2026-07-29,C:\Program Files (x86)\Microsoft\Edge\Application,"""C:\Program Files (x86)\Microsoft\Edge\Application\150.0.4078.105\Installer\setup.exe"" --uninstall --msedge --channel=stable --system-level --verbose-logging",HKLM,32-bit,SOFTWARE\WOW6432Node\Microsoft\Windows\CurrentVersion\Uninstall\Microsoft Edge
Microsoft Edge WebView2 Runtime,150.0.4078.105,Microsoft Corporation,2026-07-29,C:\Program Files (x86)\Microsoft\EdgeWebView\Application,"""C:\Program Files (x86)\Microsoft\EdgeWebView\Application\150.0.4078.105\Installer\setup.exe"" --uninstall --msedgewebview --system-level --verbose-logging",HKLM,32-bit,SOFTWARE\WOW6432Node\Microsoft\Windows\CurrentVersion\Uninstall\Microsoft EdgeWebView
Npcap,1.88,Nmap Project,,C:\Program Files\Npcap,"""C:\Program Files\Npcap\uninstall.exe""",HKLM,32-bit,SOFTWARE\WOW6432Node\Microsoft\Windows\CurrentVersion\Uninstall\NpcapInst
Wireshark 4.6.7 x64,4.6.7,"The Wireshark developer community, https://www.wireshark.org",,C:\Program Files\Wireshark,"""C:\Program Files\Wireshark\uninstall-wireshark.exe""",HKLM,32-bit,SOFTWARE\WOW6432Node\Microsoft\Windows\CurrentVersion\Uninstall\Wireshark
Microsoft Visual C++ 2015-2022 Redistributable (x86) - 14.36.32532,14.36.32532.0,Microsoft Corporation,,,"""C:\ProgramData\Package Cache\{410c0ee1-00bb-41b6-9772-e12c2828b02f}\VC_redist.x86.exe""  /uninstall",HKLM,32-bit,SOFTWARE\WOW6432Node\Microsoft\Windows\CurrentVersion\Uninstall\{410c0ee1-00bb-41b6-9772-e12c2828b02f}
Microsoft Visual C++ 2022 X86 Minimum Runtime - 14.36.32532,14.36.32532,Microsoft Corporation,2025-08-12,,MsiExec.exe /I{73F77E4E-5A17-46E5-A5FC-8A061047725F},HKLM,32-bit,SOFTWARE\WOW6432Node\Microsoft\Windows\CurrentVersion\Uninstall\{73F77E4E-5A17-46E5-A5FC-8A061047725F}
Microsoft Windows Desktop Runtime - 9.0.18 (x64),9.0.18.36217,Microsoft Corporation,,,"""C:\ProgramData\Package Cache\{b21e7fe8-9175-483b-a67f-0fd948722740}\windowsdesktop-runtime-9.0.18-win-x64.exe""  /uninstall",HKLM,32-bit,SOFTWARE\WOW6432Node\Microsoft\Windows\CurrentVersion\Uninstall\{b21e7fe8-9175-483b-a67f-0fd948722740}
Microsoft Visual C++ 2015-2022 Redistributable (x64) - 14.51.36231,14.51.36231.0,Microsoft Corporation,,,"""C:\ProgramData\Package Cache\{c157798c-9519-4e56-98d9-f696f78f4a61}\VC_redist.x64.exe""  /uninstall",HKLM,32-bit,SOFTWARE\WOW6432Node\Microsoft\Windows\CurrentVersion\Uninstall\{c157798c-9519-4e56-98d9-f696f78f4a61}
Microsoft Visual C++ 2022 X86 Additional Runtime - 14.36.32532,14.36.32532,Microsoft Corporation,2025-08-12,,MsiExec.exe /I{C2C59CAB-8766-4ABD-A8EF-1151A36C41E5},HKLM,32-bit,SOFTWARE\WOW6432Node\Microsoft\Windows\CurrentVersion\Uninstall\{C2C59CAB-8766-4ABD-A8EF-1151A36C41E5}
GitHub Desktop,3.6.2,"GitHub, Inc.",2026-07-02,C:\Users\ali.imtiaz\AppData\Local\GitHubDesktop,"""C:\Users\ali.imtiaz\AppData\Local\GitHubDesktop\Update.exe"" --uninstall",HKCU,Current User,SOFTWARE\Microsoft\Windows\CurrentVersion\Uninstall\GitHubDesktop
Git,2.55.0,The Git Development Community,2026-07-02,C:\Users\ali.imtiaz\AppData\Local\Programs\Git\,"""C:\Users\ali.imtiaz\AppData\Local\Programs\Git\unins000.exe""",HKCU,Current User,SOFTWARE\Microsoft\Windows\CurrentVersion\Uninstall\Git_is1
Microsoft OneDrive,26.129.0706.0003,Microsoft Corporation,,,"""C:\Users\ali.imtiaz\AppData\Local\Microsoft\OneDrive\26.129.0706.0003\OneDriveSetup.exe""  /uninstall ",HKCU,Current User,SOFTWARE\Microsoft\Windows\CurrentVersion\Uninstall\OneDriveSetup.exe
Python 3.14.6,3.14-64,Python Software Foundation,2026-07-02,C:\Users\ali.imtiaz\AppData\Local\Python\pythoncore-3.14-64,"""C:\Users\ali.imtiaz\AppData\Local\Microsoft\WindowsApps\PythonSoftwareFoundation.PythonManager_qbz5n2kfra8p0\pymanager.exe"" uninstall --yes --by-id ""pythoncore-3.14-64""",HKCU,Current User,SOFTWARE\Microsoft\Windows\CurrentVersion\Uninstall\pymanager-pythoncore-3.14-64
Ollama version 0.32.5,0.32.5,Ollama,2026-07-29,C:\Users\ali.imtiaz\AppData\Local\Programs\Ollama\,"""C:\Users\ali.imtiaz\AppData\Local\Programs\Ollama\unins000.exe""",HKCU,Current User,SOFTWARE\Microsoft\Windows\CurrentVersion\Uninstall\{44E83376-CE68-45EB-8FC1-393500EB558C}_is1
Microsoft Visual Studio Code (User),1.131.0,Microsoft Corporation,2026-07-30,C:\Users\ali.imtiaz\AppData\Local\Programs\Microsoft VS Code\,"""C:\Users\ali.imtiaz\AppData\Local\Programs\Microsoft VS Code\unins000.exe""",HKCU,Current User,SOFTWARE\Microsoft\Windows\CurrentVersion\Uninstall\{771FD6B0-FA20-440A-A002-3B3BAC16DC50}_is1
