guid,encoded_name,decoded_name,type,registry_path
{9E04CAB2-CC14-11DF-BB8C-A2F1DED72085},HRZR_PGYFRFFVBA,UEME_CTLSESSION,REG_BINARY,Software\Microsoft\Windows\CurrentVersion\Explorer\UserAssist\{9E04CAB2-CC14-11DF-BB8C-A2F1DED72085}\Count
{A3D53349-6E61-4557-8FC7-0028EDCEEBF6},HRZR_PGYFRFFVBA,UEME_CTLSESSION,REG_BINARY,Software\Microsoft\Windows\CurrentVersion\Explorer\UserAssist\{A3D53349-6E61-4557-8FC7-0028EDCEEBF6}\Count
{BCB48336-4DDD-48FF-BB0B-D3190DACB3E2},HRZR_PGYFRFFVBA,UEME_CTLSESSION,REG_BINARY,Software\Microsoft\Windows\CurrentVersion\Explorer\UserAssist\{BCB48336-4DDD-48FF-BB0B-D3190DACB3E2}\Count
{CAA59E3C-4792-41A5-9909-6A6A8D32490E},HRZR_PGYFRFFVBA,UEME_CTLSESSION,REG_BINARY,Software\Microsoft\Windows\CurrentVersion\Explorer\UserAssist\{CAA59E3C-4792-41A5-9909-6A6A8D32490E}\Count
{CEBFF5CD-ACE2-4F4F-9178-9926F41749EA},HRZR_PGYPHNPbhag:pgbe,UEME_CTLCUACount:ctor,REG_BINARY,Software\Microsoft\Windows\CurrentVersion\Explorer\UserAssist\{CEBFF5CD-ACE2-4F4F-9178-9926F41749EA}\Count
{CEBFF5CD-ACE2-4F4F-9178-9926F41749EA},Zvpebfbsg.JvaqbjfSrrqonpxUho_8jrxlo3q8oojr!Ncc,Microsoft.WindowsFeedbackHub_8wekyb3d8bbwe!App,REG_BINARY,Software\Microsoft\Windows\CurrentVersion\Explorer\UserAssist\{CEBFF5CD-ACE2-4F4F-9178-9926F41749EA}\Count
{CEBFF5CD-ACE2-4F4F-9178-9926F41749EA},HRZR_PGYFRFFVBA,UEME_CTLSESSION,REG_BINARY,Software\Microsoft\Windows\CurrentVersion\Explorer\UserAssist\{CEBFF5CD-ACE2-4F4F-9178-9926F41749EA}\Count
{CEBFF5CD-ACE2-4F4F-9178-9926F41749EA},Zvpebfbsg.ZvpebfbsgFgvpxlAbgrf_8jrxlo3q8oojr!Ncc,Microsoft.MicrosoftStickyNotes_8wekyb3d8bbwe!App,REG_BINARY,Software\Microsoft\Windows\CurrentVersion\Explorer\UserAssist\{CEBFF5CD-ACE2-4F4F-9178-9926F41749EA}\Count
{CEBFF5CD-ACE2-4F4F-9178-9926F41749EA},Zvpebfbsg.JvaqbjfPnyphyngbe_8jrxlo3q8oojr!Ncc,Microsoft.WindowsCalculator_8wekyb3d8bbwe!App,REG_BINARY,Software\Microsoft\Windows\CurrentVersion\Explorer\UserAssist\{CEBFF5CD-ACE2-4F4F-9178-9926F41749EA}\Count
{CEBFF5CD-ACE2-4F4F-9178-9926F41749EA},Zvpebfbsg.Cnvag_8jrxlo3q8oojr!Ncc,Microsoft.Paint_8wekyb3d8bbwe!App,REG_BINARY,Software\Microsoft\Windows\CurrentVersion\Explorer\UserAssist\{CEBFF5CD-ACE2-4F4F-9178-9926F41749EA}\Count
{CEBFF5CD-ACE2-4F4F-9178-9926F41749EA},Zvpebfbsg.JvaqbjfAbgrcnq_8jrxlo3q8oojr!Ncc,Microsoft.WindowsNotepad_8wekyb3d8bbwe!App,REG_BINARY,Software\Microsoft\Windows\CurrentVersion\Explorer\UserAssist\{CEBFF5CD-ACE2-4F4F-9178-9926F41749EA}\Count
{CEBFF5CD-ACE2-4F4F-9178-9926F41749EA},ZFRqtr,MSEdge,REG_BINARY,Software\Microsoft\Windows\CurrentVersion\Explorer\UserAssist\{CEBFF5CD-ACE2-4F4F-9178-9926F41749EA}\Count
{CEBFF5CD-ACE2-4F4F-9178-9926F41749EA},ZvpebfbsgJvaqbjf.Pyvrag.POF_pj5a1u2gklrjl!PbegnanHV,MicrosoftWindows.Client.CBS_cw5n1h2txyewy!CortanaUI,REG_BINARY,Software\Microsoft\Windows\CurrentVersion\Explorer\UserAssist\{CEBFF5CD-ACE2-4F4F-9178-9926F41749EA}\Count
{CEBFF5CD-ACE2-4F4F-9178-9926F41749EA},Zvpebfbsg.YbpxNcc_pj5a1u2gklrjl!JvaqbjfQrsnhygYbpxFperra,Microsoft.LockApp_cw5n1h2txyewy!WindowsDefaultLockScreen,REG_BINARY,Software\Microsoft\Windows\CurrentVersion\Explorer\UserAssist\{CEBFF5CD-ACE2-4F4F-9178-9926F41749EA}\Count
{CEBFF5CD-ACE2-4F4F-9178-9926F41749EA},Zvpebfbsg.KobkTnzvatBireynl_8jrxlo3q8oojr!Ncc,Microsoft.XboxGamingOverlay_8wekyb3d8bbwe!App,REG_BINARY,Software\Microsoft\Windows\CurrentVersion\Explorer\UserAssist\{CEBFF5CD-ACE2-4F4F-9178-9926F41749EA}\Count
{CEBFF5CD-ACE2-4F4F-9178-9926F41749EA},Zvpebfbsg.Jvaqbjf.Rkcybere,Microsoft.Windows.Explorer,REG_BINARY,Software\Microsoft\Windows\CurrentVersion\Explorer\UserAssist\{CEBFF5CD-ACE2-4F4F-9178-9926F41749EA}\Count
{CEBFF5CD-ACE2-4F4F-9178-9926F41749EA},Zvpebfbsg.JvaqbjfGrezvany_8jrxlo3q8oojr!Ncc,Microsoft.WindowsTerminal_8wekyb3d8bbwe!App,REG_BINARY,Software\Microsoft\Windows\CurrentVersion\Explorer\UserAssist\{CEBFF5CD-ACE2-4F4F-9178-9926F41749EA}\Count
{CEBFF5CD-ACE2-4F4F-9178-9926F41749EA},Zvpebfbsg.Jvaqbjf.FgnegZrahRkcrevraprUbfg_pj5a1u2gklrjl!ShyyGehfgNcc,Microsoft.Windows.StartMenuExperienceHost_cw5n1h2txyewy!FullTrustApp,REG_BINARY,Software\Microsoft\Windows\CurrentVersion\Explorer\UserAssist\{CEBFF5CD-ACE2-4F4F-9178-9926F41749EA}\Count
{CEBFF5CD-ACE2-4F4F-9178-9926F41749EA},Zvpebfbsg.Jvaqbjf.Cubgbf_8jrxlo3q8oojr!Ncc,Microsoft.Windows.Photos_8wekyb3d8bbwe!App,REG_BINARY,Software\Microsoft\Windows\CurrentVersion\Explorer\UserAssist\{CEBFF5CD-ACE2-4F4F-9178-9926F41749EA}\Count
{CEBFF5CD-ACE2-4F4F-9178-9926F41749EA},Zvpebfbsg.Jvaqbjf.Furyy.EhaQvnybt,Microsoft.Windows.Shell.RunDialog,REG_BINARY,Software\Microsoft\Windows\CurrentVersion\Explorer\UserAssist\{CEBFF5CD-ACE2-4F4F-9178-9926F41749EA}\Count
{CEBFF5CD-ACE2-4F4F-9178-9926F41749EA},Zvpebfbsg.Jvaqbjf.NqzvavfgengvirGbbyf,Microsoft.Windows.AdministrativeTools,REG_BINARY,Software\Microsoft\Windows\CurrentVersion\Explorer\UserAssist\{CEBFF5CD-ACE2-4F4F-9178-9926F41749EA}\Count
{CEBFF5CD-ACE2-4F4F-9178-9926F41749EA},Zvpebfbsg.NhgbTrarengrq.{OQ3S924R-55SO-N1ON-9QR6-O50S9S2460NP},Microsoft.AutoGenerated.{BD3F924E-55FB-A1BA-9DE6-B50F9F2460AC},REG_BINARY,Software\Microsoft\Windows\CurrentVersion\Explorer\UserAssist\{CEBFF5CD-ACE2-4F4F-9178-9926F41749EA}\Count
{CEBFF5CD-ACE2-4F4F-9178-9926F41749EA},{1NP14R77-02R7-4R5Q-O744-2RO1NR5198O7}\pzq.rkr,{1AC14E77-02E7-4E5D-B744-2EB1AE5198B7}\cmd.exe,REG_BINARY,Software\Microsoft\Windows\CurrentVersion\Explorer\UserAssist\{CEBFF5CD-ACE2-4F4F-9178-9926F41749EA}\Count
{CEBFF5CD-ACE2-4F4F-9178-9926F41749EA},Zvpebfbsg.FperraFxrgpu_8jrxlo3q8oojr!Ncc,Microsoft.ScreenSketch_8wekyb3d8bbwe!App,REG_BINARY,Software\Microsoft\Windows\CurrentVersion\Explorer\UserAssist\{CEBFF5CD-ACE2-4F4F-9178-9926F41749EA}\Count
{CEBFF5CD-ACE2-4F4F-9178-9926F41749EA},Zvpebfbsg.TrgUryc_8jrxlo3q8oojr!Ncc,Microsoft.GetHelp_8wekyb3d8bbwe!App,REG_BINARY,Software\Microsoft\Windows\CurrentVersion\Explorer\UserAssist\{CEBFF5CD-ACE2-4F4F-9178-9926F41749EA}\Count
{CEBFF5CD-ACE2-4F4F-9178-9926F41749EA},Zvpebfbsg.Jvaqbjf.FuryyRkcrevraprUbfg_pj5a1u2gklrjl!Ncc,Microsoft.Windows.ShellExperienceHost_cw5n1h2txyewy!App,REG_BINARY,Software\Microsoft\Windows\CurrentVersion\Explorer\UserAssist\{CEBFF5CD-ACE2-4F4F-9178-9926F41749EA}\Count
{CEBFF5CD-ACE2-4F4F-9178-9926F41749EA},jvaqbjf.vzzrefvirpbagebycnary_pj5a1u2gklrjl!zvpebfbsg.jvaqbjf.vzzrefvirpbagebycnary,windows.immersivecontrolpanel_cw5n1h2txyewy!microsoft.windows.immersivecontrolpanel,REG_BINARY,Software\Microsoft\Windows\CurrentVersion\Explorer\UserAssist\{CEBFF5CD-ACE2-4F4F-9178-9926F41749EA}\Count
{CEBFF5CD-ACE2-4F4F-9178-9926F41749EA},ZFGrnzf_8jrxlo3q8oojr!ZFGrnzf,MSTeams_8wekyb3d8bbwe!MSTeams,REG_BINARY,Software\Microsoft\Windows\CurrentVersion\Explorer\UserAssist\{CEBFF5CD-ACE2-4F4F-9178-9926F41749EA}\Count
{CEBFF5CD-ACE2-4F4F-9178-9926F41749EA},P:\Hfref\nyv.vzgvnm\NccQngn\Ybpny\FdhveeryGrzc\Hcqngr.rkr,C:\Users\ali.imtiaz\AppData\Local\SquirrelTemp\Update.exe,REG_BINARY,Software\Microsoft\Windows\CurrentVersion\Explorer\UserAssist\{CEBFF5CD-ACE2-4F4F-9178-9926F41749EA}\Count
{CEBFF5CD-ACE2-4F4F-9178-9926F41749EA},P:\Hfref\nyv.vzgvnm\NccQngn\Ybpny\Grzc\ZvpebfbsgRqtrQbjaybnqf\o6qsq898-3n45-447s-n794-qq065rq87qnq\TvgUhoQrfxgbcFrghc-k64.rkr,C:\Users\ali.imtiaz\AppData\Local\Temp\MicrosoftEdgeDownloads\b6dfd898-3a45-447f-a794-dd065ed87dad\GitHubDesktopSetup-x64.exe,REG_BINARY,Software\Microsoft\Windows\CurrentVersion\Explorer\UserAssist\{CEBFF5CD-ACE2-4F4F-9178-9926F41749EA}\Count
{CEBFF5CD-ACE2-4F4F-9178-9926F41749EA},pbz.fdhveery.TvgUhoQrfxgbc.TvgUhoQrfxgbc,com.squirrel.GitHubDesktop.GitHubDesktop,REG_BINARY,Software\Microsoft\Windows\CurrentVersion\Explorer\UserAssist\{CEBFF5CD-ACE2-4F4F-9178-9926F41749EA}\Count
{CEBFF5CD-ACE2-4F4F-9178-9926F41749EA},{6Q809377-6NS0-444O-8957-N3773S02200R}\JvaqbjfNccf\ZFGrnzf_26149.1205.4798.6437_k64__8jrxlo3q8oojr\zf-grnzf.rkr,{6D809377-6AF0-444B-8957-A3773F02200E}\WindowsApps\MSTeams_26149.1205.4798.6437_x64__8wekyb3d8bbwe\ms-teams.exe,REG_BINARY,Software\Microsoft\Windows\CurrentVersion\Explorer\UserAssist\{CEBFF5CD-ACE2-4F4F-9178-9926F41749EA}\Count
{CEBFF5CD-ACE2-4F4F-9178-9926F41749EA},Zvpebfbsg.Jvaqbjf.PybhqRkcrevraprUbfg_pj5a1u2gklrjl!Ncc,Microsoft.Windows.CloudExperienceHost_cw5n1h2txyewy!App,REG_BINARY,Software\Microsoft\Windows\CurrentVersion\Explorer\UserAssist\{CEBFF5CD-ACE2-4F4F-9178-9926F41749EA}\Count
{CEBFF5CD-ACE2-4F4F-9178-9926F41749EA},Zvpebfbsg.JvaqbjfFgber_8jrxlo3q8oojr!Ncc,Microsoft.WindowsStore_8wekyb3d8bbwe!App,REG_BINARY,Software\Microsoft\Windows\CurrentVersion\Explorer\UserAssist\{CEBFF5CD-ACE2-4F4F-9178-9926F41749EA}\Count
{CEBFF5CD-ACE2-4F4F-9178-9926F41749EA},Zvpebfbsg.IvfhnyFghqvbPbqr,Microsoft.VisualStudioCode,REG_BINARY,Software\Microsoft\Windows\CurrentVersion\Explorer\UserAssist\{CEBFF5CD-ACE2-4F4F-9178-9926F41749EA}\Count
{CEBFF5CD-ACE2-4F4F-9178-9926F41749EA},P:\Hfref\nyv.vzgvnm\NccQngn\Ybpny\Cebtenzf\Tvg\zvatj64\ova\tvg-perqragvny-znantre.rkr,C:\Users\ali.imtiaz\AppData\Local\Programs\Git\mingw64\bin\git-credential-manager.exe,REG_BINARY,Software\Microsoft\Windows\CurrentVersion\Explorer\UserAssist\{CEBFF5CD-ACE2-4F4F-9178-9926F41749EA}\Count
{CEBFF5CD-ACE2-4F4F-9178-9926F41749EA},Zvpebfbsg.NhgbTrarengrq.{75R114O2-2O58-9380-QR58-4N410N5ORN2R},Microsoft.AutoGenerated.{75E114B2-2B58-9380-DE58-4A410A5BEA2E},REG_BINARY,Software\Microsoft\Windows\CurrentVersion\Explorer\UserAssist\{CEBFF5CD-ACE2-4F4F-9178-9926F41749EA}\Count
{CEBFF5CD-ACE2-4F4F-9178-9926F41749EA},TvgSbeJvaqbjf.Onfu,GitForWindows.Bash,REG_BINARY,Software\Microsoft\Windows\CurrentVersion\Explorer\UserAssist\{CEBFF5CD-ACE2-4F4F-9178-9926F41749EA}\Count
{CEBFF5CD-ACE2-4F4F-9178-9926F41749EA},Q:\Rkgreeb_SGX_Vzntre_(k64).rkr,D:\Exterro_FTK_Imager_(x64).exe,REG_BINARY,Software\Microsoft\Windows\CurrentVersion\Explorer\UserAssist\{CEBFF5CD-ACE2-4F4F-9178-9926F41749EA}\Count
{CEBFF5CD-ACE2-4F4F-9178-9926F41749EA},Q:\VFFrghcCererdhvfvgrf\{NR165O54-673S-42N5-9Q1R-6S1046N8395Q}\PbqrZrgreEhagvzr.rkr,D:\ISSetupPrerequisites\{AE165B54-673F-42A5-9D1E-6F1046A8395D}\CodeMeterRuntime.exe,REG_BINARY,Software\Microsoft\Windows\CurrentVersion\Explorer\UserAssist\{CEBFF5CD-ACE2-4F4F-9178-9926F41749EA}\Count
{CEBFF5CD-ACE2-4F4F-9178-9926F41749EA},P:\Hfref\nyv.vzgvnm\NccQngn\Ybpny\Cebtenzf\Byynzn\byynzn ncc.rkr,C:\Users\ali.imtiaz\AppData\Local\Programs\Ollama\ollama app.exe,REG_BINARY,Software\Microsoft\Windows\CurrentVersion\Explorer\UserAssist\{CEBFF5CD-ACE2-4F4F-9178-9926F41749EA}\Count
{CEBFF5CD-ACE2-4F4F-9178-9926F41749EA},{6Q809377-6NS0-444O-8957-N3773S02200R}\JvaqbjfNccf\Zvpebfbsg.JvaqbjfAbgrcnq_11.2605.29.0_k64__8jrxlo3q8oojr\Abgrcnq\Abgrcnq.rkr,{6D809377-6AF0-444B-8957-A3773F02200E}\WindowsApps\Microsoft.WindowsNotepad_11.2605.29.0_x64__8wekyb3d8bbwe\Notepad\Notepad.exe,REG_BINARY,Software\Microsoft\Windows\CurrentVersion\Explorer\UserAssist\{CEBFF5CD-ACE2-4F4F-9178-9926F41749EA}\Count
{CEBFF5CD-ACE2-4F4F-9178-9926F41749EA},{1NP14R77-02R7-4R5Q-O744-2RO1NR5198O7}\zfvrkrp.rkr,{1AC14E77-02E7-4E5D-B744-2EB1AE5198B7}\msiexec.exe,REG_BINARY,Software\Microsoft\Windows\CurrentVersion\Explorer\UserAssist\{CEBFF5CD-ACE2-4F4F-9178-9926F41749EA}\Count
{CEBFF5CD-ACE2-4F4F-9178-9926F41749EA},Zvpebfbsg.Jvaqbjf.JvaqbjfVafgnyyre,Microsoft.Windows.WindowsInstaller,REG_BINARY,Software\Microsoft\Windows\CurrentVersion\Explorer\UserAssist\{CEBFF5CD-ACE2-4F4F-9178-9926F41749EA}\Count
{CEBFF5CD-ACE2-4F4F-9178-9926F41749EA},{6Q809377-6NS0-444O-8957-N3773S02200R}\Nhgbcfl-4.23.1\ova\nhgbcfl64.rkr,{6D809377-6AF0-444B-8957-A3773F02200E}\Autopsy-4.23.1\bin\autopsy64.exe,REG_BINARY,Software\Microsoft\Windows\CurrentVersion\Explorer\UserAssist\{CEBFF5CD-ACE2-4F4F-9178-9926F41749EA}\Count
{CEBFF5CD-ACE2-4F4F-9178-9926F41749EA},{1NP14R77-02R7-4R5Q-O744-2RO1NR5198O7}\CvpxreUbfg.rkr,{1AC14E77-02E7-4E5D-B744-2EB1AE5198B7}\PickerHost.exe,REG_BINARY,Software\Microsoft\Windows\CurrentVersion\Explorer\UserAssist\{CEBFF5CD-ACE2-4F4F-9178-9926F41749EA}\Count
{CEBFF5CD-ACE2-4F4F-9178-9926F41749EA},{6Q809377-6NS0-444O-8957-N3773S02200R}\JvaqbjfNccf\Zvpebfbsg.FperraFxrgpu_11.2602.49.0_k64__8jrxlo3q8oojr\FavccvatGbby\FavccvatGbby.rkr,{6D809377-6AF0-444B-8957-A3773F02200E}\WindowsApps\Microsoft.ScreenSketch_11.2602.49.0_x64__8wekyb3d8bbwe\SnippingTool\SnippingTool.exe,REG_BINARY,Software\Microsoft\Windows\CurrentVersion\Explorer\UserAssist\{CEBFF5CD-ACE2-4F4F-9178-9926F41749EA}\Count
{CEBFF5CD-ACE2-4F4F-9178-9926F41749EA},Zvpebfbsg.ZvpebfbsgBssvprUho_8jrxlo3q8oojr!Zvpebfbsg.ZvpebfbsgBssvprUho,Microsoft.MicrosoftOfficeHub_8wekyb3d8bbwe!Microsoft.MicrosoftOfficeHub,REG_BINARY,Software\Microsoft\Windows\CurrentVersion\Explorer\UserAssist\{CEBFF5CD-ACE2-4F4F-9178-9926F41749EA}\Count
{CEBFF5CD-ACE2-4F4F-9178-9926F41749EA},{6Q809377-6NS0-444O-8957-N3773S02200R}\JvaqbjfNccf\Zvpebfbsg.ZvpebfbsgBssvprUho_19.2607.33011.0_k64__8jrxlo3q8oojr\Z365Pbcvybg.rkr,{6D809377-6AF0-444B-8957-A3773F02200E}\WindowsApps\Microsoft.MicrosoftOfficeHub_19.2607.33011.0_x64__8wekyb3d8bbwe\M365Copilot.exe,REG_BINARY,Software\Microsoft\Windows\CurrentVersion\Explorer\UserAssist\{CEBFF5CD-ACE2-4F4F-9178-9926F41749EA}\Count
{CEBFF5CD-ACE2-4F4F-9178-9926F41749EA},P:\Hfref\nyv.vzgvnm\Qrfxgbc\Fbsg\IZjner-jbexfgngvba-shyy-17.6.4-24832109.rkr,C:\Users\ali.imtiaz\Desktop\Soft\VMware-workstation-full-17.6.4-24832109.exe,REG_BINARY,Software\Microsoft\Windows\CurrentVersion\Explorer\UserAssist\{CEBFF5CD-ACE2-4F4F-9178-9926F41749EA}\Count
{CEBFF5CD-ACE2-4F4F-9178-9926F41749EA},IZjner.Jbexfgngvba.izhv,VMware.Workstation.vmui,REG_BINARY,Software\Microsoft\Windows\CurrentVersion\Explorer\UserAssist\{CEBFF5CD-ACE2-4F4F-9178-9926F41749EA}\Count
{CEBFF5CD-ACE2-4F4F-9178-9926F41749EA},Zvpebfbsg.NhgbTrarengrq.{OO044OSQ-25O7-2SNN-22N8-6371N93R0456},Microsoft.AutoGenerated.{BB044BFD-25B7-2FAA-22A8-6371A93E0456},REG_BINARY,Software\Microsoft\Windows\CurrentVersion\Explorer\UserAssist\{CEBFF5CD-ACE2-4F4F-9178-9926F41749EA}\Count
{CEBFF5CD-ACE2-4F4F-9178-9926F41749EA},{1NP14R77-02R7-4R5Q-O744-2RO1NR5198O7}\ibvprnpprff.rkr,{1AC14E77-02E7-4E5D-B744-2EB1AE5198B7}\voiceaccess.exe,REG_BINARY,Software\Microsoft\Windows\CurrentVersion\Explorer\UserAssist\{CEBFF5CD-ACE2-4F4F-9178-9926F41749EA}\Count
{CEBFF5CD-ACE2-4F4F-9178-9926F41749EA},{1NP14R77-02R7-4R5Q-O744-2RO1NR5198O7}\JvaqbjfCbjreFuryy\i1.0\cbjrefuryy.rkr,{1AC14E77-02E7-4E5D-B744-2EB1AE5198B7}\WindowsPowerShell\v1.0\powershell.exe,REG_BINARY,Software\Microsoft\Windows\CurrentVersion\Explorer\UserAssist\{CEBFF5CD-ACE2-4F4F-9178-9926F41749EA}\Count
{CEBFF5CD-ACE2-4F4F-9178-9926F41749EA},{6Q809377-6NS0-444O-8957-N3773S02200R}\JvaqbjfNccf\Zvpebfbsg.JvaqbjfAbgrcnq_11.2605.34.0_k64__8jrxlo3q8oojr\Abgrcnq\Abgrcnq.rkr,{6D809377-6AF0-444B-8957-A3773F02200E}\WindowsApps\Microsoft.WindowsNotepad_11.2605.34.0_x64__8wekyb3d8bbwe\Notepad\Notepad.exe,REG_BINARY,Software\Microsoft\Windows\CurrentVersion\Explorer\UserAssist\{CEBFF5CD-ACE2-4F4F-9178-9926F41749EA}\Count
{CEBFF5CD-ACE2-4F4F-9178-9926F41749EA},{6Q809377-6NS0-444O-8957-N3773S02200R}\JvaqbjfNccf\ZFGrnzf_26163.405.4842.717_k64__8jrxlo3q8oojr\zf-grnzf.rkr,{6D809377-6AF0-444B-8957-A3773F02200E}\WindowsApps\MSTeams_26163.405.4842.717_x64__8wekyb3d8bbwe\ms-teams.exe,REG_BINARY,Software\Microsoft\Windows\CurrentVersion\Explorer\UserAssist\{CEBFF5CD-ACE2-4F4F-9178-9926F41749EA}\Count
{CEBFF5CD-ACE2-4F4F-9178-9926F41749EA},P:\Hfref\nyv.vzgvnm\Qrfxgbc\Jverfunex-4.6.7-k64.rkr,C:\Users\ali.imtiaz\Desktop\Wireshark-4.6.7-x64.exe,REG_BINARY,Software\Microsoft\Windows\CurrentVersion\Explorer\UserAssist\{CEBFF5CD-ACE2-4F4F-9178-9926F41749EA}\Count
{CEBFF5CD-ACE2-4F4F-9178-9926F41749EA},{6Q809377-6NS0-444O-8957-N3773S02200R}\Jverfunex\acpnc-1.88.rkr,{6D809377-6AF0-444B-8957-A3773F02200E}\Wireshark\npcap-1.88.exe,REG_BINARY,Software\Microsoft\Windows\CurrentVersion\Explorer\UserAssist\{CEBFF5CD-ACE2-4F4F-9178-9926F41749EA}\Count
{CEBFF5CD-ACE2-4F4F-9178-9926F41749EA},{6Q809377-6NS0-444O-8957-N3773S02200R}\Jverfunex\Jverfunex.rkr,{6D809377-6AF0-444B-8957-A3773F02200E}\Wireshark\Wireshark.exe,REG_BINARY,Software\Microsoft\Windows\CurrentVersion\Explorer\UserAssist\{CEBFF5CD-ACE2-4F4F-9178-9926F41749EA}\Count
{CEBFF5CD-ACE2-4F4F-9178-9926F41749EA},P:\Hfref\nyv.vzgvnm\NccQngn\Ybpny\Grzc\2888r623-8523-4078-99nr-qn0so9n55317_CebprffZbavgbe.mvc.CebprffZbavgbe.mvc\Cebpzba.rkr,C:\Users\ali.imtiaz\AppData\Local\Temp\2888e623-8523-4078-99ae-da0fb9a55317_ProcessMonitor.zip.ProcessMonitor.zip\Procmon.exe,REG_BINARY,Software\Microsoft\Windows\CurrentVersion\Explorer\UserAssist\{CEBFF5CD-ACE2-4F4F-9178-9926F41749EA}\Count
{CEBFF5CD-ACE2-4F4F-9178-9926F41749EA},P:\Hfref\nyv.vzgvnm\NccQngn\Ybpny\Grzc\Cebpzba64.rkr,C:\Users\ali.imtiaz\AppData\Local\Temp\Procmon64.exe,REG_BINARY,Software\Microsoft\Windows\CurrentVersion\Explorer\UserAssist\{CEBFF5CD-ACE2-4F4F-9178-9926F41749EA}\Count
{CEBFF5CD-ACE2-4F4F-9178-9926F41749EA},P:\Hfref\nyv.vzgvnm\NccQngn\Ybpny\Grzc\17251n9n-5969-462o-8s47-7r19on86nor1_CebprffZbavgbe.mvc.CebprffZbavgbe.mvc\Cebpzba64.rkr,C:\Users\ali.imtiaz\AppData\Local\Temp\17251a9a-5969-462b-8f47-7e19ba86abe1_ProcessMonitor.zip.ProcessMonitor.zip\Procmon64.exe,REG_BINARY,Software\Microsoft\Windows\CurrentVersion\Explorer\UserAssist\{CEBFF5CD-ACE2-4F4F-9178-9926F41749EA}\Count
{CEBFF5CD-ACE2-4F4F-9178-9926F41749EA},P:\Hfref\nyv.vzgvnm\Qrfxgbc\CebprffZbavgbe\Cebpzba.rkr,C:\Users\ali.imtiaz\Desktop\ProcessMonitor\Procmon.exe,REG_BINARY,Software\Microsoft\Windows\CurrentVersion\Explorer\UserAssist\{CEBFF5CD-ACE2-4F4F-9178-9926F41749EA}\Count
{CEBFF5CD-ACE2-4F4F-9178-9926F41749EA},P:\Hfref\vafgnyy\NccQngn\Ybpny\Grzc\Cebpzba64.rkr,C:\Users\install\AppData\Local\Temp\Procmon64.exe,REG_BINARY,Software\Microsoft\Windows\CurrentVersion\Explorer\UserAssist\{CEBFF5CD-ACE2-4F4F-9178-9926F41749EA}\Count
{CEBFF5CD-ACE2-4F4F-9178-9926F41749EA},P:\Hfref\nyv.vzgvnm\Qbjaybnqf\ErtvfgelRkcybere\ErtvfgelRkcybere\ErtvfgelRkcybere.rkr,C:\Users\ali.imtiaz\Downloads\RegistryExplorer\RegistryExplorer\RegistryExplorer.exe,REG_BINARY,Software\Microsoft\Windows\CurrentVersion\Explorer\UserAssist\{CEBFF5CD-ACE2-4F4F-9178-9926F41749EA}\Count
{CEBFF5CD-ACE2-4F4F-9178-9926F41749EA},P:\Hfref\nyv.vzgvnm\Qrfxgbc\jvaqbjfqrfxgbc-ehagvzr-9.0.18-jva-k64.rkr,C:\Users\ali.imtiaz\Desktop\windowsdesktop-runtime-9.0.18-win-x64.exe,REG_BINARY,Software\Microsoft\Windows\CurrentVersion\Explorer\UserAssist\{CEBFF5CD-ACE2-4F4F-9178-9926F41749EA}\Count
{CEBFF5CD-ACE2-4F4F-9178-9926F41749EA},P:\Hfref\nyv.vzgvnm\NccQngn\Ybpny\Grzc\{O1802882-P853-41PP-N537-2367NO32PR33}\.pe\jvaqbjfqrfxgbc-ehagvzr-9.0.18-jva-k64.rkr,C:\Users\ali.imtiaz\AppData\Local\Temp\{B1802882-C853-41CC-A537-2367AB32CE33}\.cr\windowsdesktop-runtime-9.0.18-win-x64.exe,REG_BINARY,Software\Microsoft\Windows\CurrentVersion\Explorer\UserAssist\{CEBFF5CD-ACE2-4F4F-9178-9926F41749EA}\Count
{CEBFF5CD-ACE2-4F4F-9178-9926F41749EA},P:\Hfref\nyv.vzgvnm\NccQngn\Ybpny\Cebtenzf\Tvg\pzq\tvg-thv.rkr,C:\Users\ali.imtiaz\AppData\Local\Programs\Git\cmd\git-gui.exe,REG_BINARY,Software\Microsoft\Windows\CurrentVersion\Explorer\UserAssist\{CEBFF5CD-ACE2-4F4F-9178-9926F41749EA}\Count
{CEBFF5CD-ACE2-4F4F-9178-9926F41749EA},P:\Hfref\nyv.vzgvnm\NccQngn\Ybpny\Cebtenzf\Tvg\zvatj64\ova\jvfu.rkr,C:\Users\ali.imtiaz\AppData\Local\Programs\Git\mingw64\bin\wish.exe,REG_BINARY,Software\Microsoft\Windows\CurrentVersion\Explorer\UserAssist\{CEBFF5CD-ACE2-4F4F-9178-9926F41749EA}\Count
{CEBFF5CD-ACE2-4F4F-9178-9926F41749EA},Zvpebfbsg.BhgybbxSbeJvaqbjf_8jrxlo3q8oojr!Zvpebfbsg.BhgybbxsbeJvaqbjf,Microsoft.OutlookForWindows_8wekyb3d8bbwe!Microsoft.OutlookforWindows,REG_BINARY,Software\Microsoft\Windows\CurrentVersion\Explorer\UserAssist\{CEBFF5CD-ACE2-4F4F-9178-9926F41749EA}\Count
{CEBFF5CD-ACE2-4F4F-9178-9926F41749EA},{6Q809377-6NS0-444O-8957-N3773S02200R}\JvaqbjfNccf\ZFGrnzf_26183.1903.4892.4448_k64__8jrxlo3q8oojr\zf-grnzf.rkr,{6D809377-6AF0-444B-8957-A3773F02200E}\WindowsApps\MSTeams_26183.1903.4892.4448_x64__8wekyb3d8bbwe\ms-teams.exe,REG_BINARY,Software\Microsoft\Windows\CurrentVersion\Explorer\UserAssist\{CEBFF5CD-ACE2-4F4F-9178-9926F41749EA}\Count
{F2A1CB5A-E3CC-4A2E-AF9D-505A7009D442},HRZR_PGYFRFFVBA,UEME_CTLSESSION,REG_BINARY,Software\Microsoft\Windows\CurrentVersion\Explorer\UserAssist\{F2A1CB5A-E3CC-4A2E-AF9D-505A7009D442}\Count
{F4E57C4B-2036-45F0-A9AB-443BCFE33D9F},HRZR_PGYPHNPbhag:pgbe,UEME_CTLCUACount:ctor,REG_BINARY,Software\Microsoft\Windows\CurrentVersion\Explorer\UserAssist\{F4E57C4B-2036-45F0-A9AB-443BCFE33D9F}\Count
{F4E57C4B-2036-45F0-A9AB-443BCFE33D9F},{9R3995NO-1S9P-4S13-O827-48O24O6P7174}\GnfxOne\Zvpebfbsg Rqtr.yax,{9E3995AB-1F9C-4F13-B827-48B24B6C7174}\TaskBar\Microsoft Edge.lnk,REG_BINARY,Software\Microsoft\Windows\CurrentVersion\Explorer\UserAssist\{F4E57C4B-2036-45F0-A9AB-443BCFE33D9F}\Count
{F4E57C4B-2036-45F0-A9AB-443BCFE33D9F},HRZR_PGYFRFFVBA,UEME_CTLSESSION,REG_BINARY,Software\Microsoft\Windows\CurrentVersion\Explorer\UserAssist\{F4E57C4B-2036-45F0-A9AB-443BCFE33D9F}\Count
{F4E57C4B-2036-45F0-A9AB-443BCFE33D9F},{9R3995NO-1S9P-4S13-O827-48O24O6P7174}\GnfxOne\Svyr Rkcybere.yax,{9E3995AB-1F9C-4F13-B827-48B24B6C7174}\TaskBar\File Explorer.lnk,REG_BINARY,Software\Microsoft\Windows\CurrentVersion\Explorer\UserAssist\{F4E57C4B-2036-45F0-A9AB-443BCFE33D9F}\Count
{F4E57C4B-2036-45F0-A9AB-443BCFE33D9F},P:\Hfref\Choyvp\Qrfxgbc\Zvpebfbsg Rqtr.yax,C:\Users\Public\Desktop\Microsoft Edge.lnk,REG_BINARY,Software\Microsoft\Windows\CurrentVersion\Explorer\UserAssist\{F4E57C4B-2036-45F0-A9AB-443BCFE33D9F}\Count
{F4E57C4B-2036-45F0-A9AB-443BCFE33D9F},{N77S5Q77-2R2O-44P3-N6N2-NON601054N51}\Flfgrz Gbbyf\Pbzznaq Cebzcg.yax,{A77F5D77-2E2B-44C3-A6A2-ABA601054A51}\System Tools\Command Prompt.lnk,REG_BINARY,Software\Microsoft\Windows\CurrentVersion\Explorer\UserAssist\{F4E57C4B-2036-45F0-A9AB-443BCFE33D9F}\Count
{F4E57C4B-2036-45F0-A9AB-443BCFE33D9F},"{N77S5Q77-2R2O-44P3-N6N2-NON601054N51}\TvgUho, Vap\TvgUho Qrfxgbc.yax","{A77F5D77-2E2B-44C3-A6A2-ABA601054A51}\GitHub, Inc\GitHub Desktop.lnk",REG_BINARY,Software\Microsoft\Windows\CurrentVersion\Explorer\UserAssist\{F4E57C4B-2036-45F0-A9AB-443BCFE33D9F}\Count
{F4E57C4B-2036-45F0-A9AB-443BCFE33D9F},{9R3995NO-1S9P-4S13-O827-48O24O6P7174}\GnfxOne\TvgUho Qrfxgbc.yax,{9E3995AB-1F9C-4F13-B827-48B24B6C7174}\TaskBar\GitHub Desktop.lnk,REG_BINARY,Software\Microsoft\Windows\CurrentVersion\Explorer\UserAssist\{F4E57C4B-2036-45F0-A9AB-443BCFE33D9F}\Count
{F4E57C4B-2036-45F0-A9AB-443BCFE33D9F},{9R3995NO-1S9P-4S13-O827-48O24O6P7174}\GnfxOne\Ivfhny Fghqvb Pbqr.yax,{9E3995AB-1F9C-4F13-B827-48B24B6C7174}\TaskBar\Visual Studio Code.lnk,REG_BINARY,Software\Microsoft\Windows\CurrentVersion\Explorer\UserAssist\{F4E57C4B-2036-45F0-A9AB-443BCFE33D9F}\Count
{F4E57C4B-2036-45F0-A9AB-443BCFE33D9F},{0139Q44R-6NSR-49S2-8690-3QNSPNR6SSO8}\Nhgbcfl\Nhgbcfl 4.23.1.yax,{0139D44E-6AFE-49F2-8690-3DAFCAE6FFB8}\Autopsy\Autopsy 4.23.1.lnk,REG_BINARY,Software\Microsoft\Windows\CurrentVersion\Explorer\UserAssist\{F4E57C4B-2036-45F0-A9AB-443BCFE33D9F}\Count
{F4E57C4B-2036-45F0-A9AB-443BCFE33D9F},P:\Hfref\Choyvp\Qrfxgbc\Nhgbcfl 4.23.1.yax,C:\Users\Public\Desktop\Autopsy 4.23.1.lnk,REG_BINARY,Software\Microsoft\Windows\CurrentVersion\Explorer\UserAssist\{F4E57C4B-2036-45F0-A9AB-443BCFE33D9F}\Count
{F4E57C4B-2036-45F0-A9AB-443BCFE33D9F},{0139Q44R-6NSR-49S2-8690-3QNSPNR6SSO8}\IZjner\IZjner Jbexfgngvba Ceb.yax,{0139D44E-6AFE-49F2-8690-3DAFCAE6FFB8}\VMware\VMware Workstation Pro.lnk,REG_BINARY,Software\Microsoft\Windows\CurrentVersion\Explorer\UserAssist\{F4E57C4B-2036-45F0-A9AB-443BCFE33D9F}\Count
{F4E57C4B-2036-45F0-A9AB-443BCFE33D9F},{0139Q44R-6NSR-49S2-8690-3QNSPNR6SSO8}\Nqzvavfgengvir Gbbyf\Rirag Ivrjre.yax,{0139D44E-6AFE-49F2-8690-3DAFCAE6FFB8}\Administrative Tools\Event Viewer.lnk,REG_BINARY,Software\Microsoft\Windows\CurrentVersion\Explorer\UserAssist\{F4E57C4B-2036-45F0-A9AB-443BCFE33D9F}\Count
{F4E57C4B-2036-45F0-A9AB-443BCFE33D9F},{N77S5Q77-2R2O-44P3-N6N2-NON601054N51}\Jvaqbjf CbjreFuryy\Jvaqbjf CbjreFuryy.yax,{A77F5D77-2E2B-44C3-A6A2-ABA601054A51}\Windows PowerShell\Windows PowerShell.lnk,REG_BINARY,Software\Microsoft\Windows\CurrentVersion\Explorer\UserAssist\{F4E57C4B-2036-45F0-A9AB-443BCFE33D9F}\Count
{F4E57C4B-2036-45F0-A9AB-443BCFE33D9F},P:\Hfref\Choyvp\Qrfxgbc\IZjner Jbexfgngvba Ceb.yax,C:\Users\Public\Desktop\VMware Workstation Pro.lnk,REG_BINARY,Software\Microsoft\Windows\CurrentVersion\Explorer\UserAssist\{F4E57C4B-2036-45F0-A9AB-443BCFE33D9F}\Count
{F4E57C4B-2036-45F0-A9AB-443BCFE33D9F},{0139Q44R-6NSR-49S2-8690-3QNSPNR6SSO8}\Jverfunex.yax,{0139D44E-6AFE-49F2-8690-3DAFCAE6FFB8}\Wireshark.lnk,REG_BINARY,Software\Microsoft\Windows\CurrentVersion\Explorer\UserAssist\{F4E57C4B-2036-45F0-A9AB-443BCFE33D9F}\Count
{FA99DFC7-6AC2-453A-A5E2-5E2AFF4507BD},HRZR_PGYFRFFVBA,UEME_CTLSESSION,REG_BINARY,Software\Microsoft\Windows\CurrentVersion\Explorer\UserAssist\{FA99DFC7-6AC2-453A-A5E2-5E2AFF4507BD}\Count
